{"6": {"center": [530.518310546875, 401.6471252441406], "orientation_deg": 28.467618942260742, "orientation_rad": 0.49685370922088623}}